EM00,Darwin,Bonner,24 Cherokee Way,06/07/1974,M,Analyst Programmer
EM11,Etheline,Figgess,02 Autumn Leaf Point,11/29/1969,F,GIS Technical Architect
EM75,Yolande,Josefovic,9211 Golf Course Place,9/26/1977,F,Geological Engineer
EM80,Analiese,Pavolini,28 Continental Junction,12/05/1978,F,Sales Representative
EM35,Zechariah,Cholonin,1 Hoepker Hill,3/19/1993,M,Nurse Practicioner
EM37,Nickola,Burgett,8649 Lakewood Terrace,3/19/1968,M,Research Nurse
EM15,Simon,Stiffkins,702 Evergreen Alley,01/02/1989,M,Accountant I
EM18,Ingra,Boultwood,85 Independence Court,2/23/1968,M,Actuary
EM32,Rosene,Thies,5437 Mitchell Crossing,10/09/2002,F,Graphic Designer
EM33,Claudius,MacKain,7 Thackeray Avenue,03/12/1991,M,Quality Control Specialist
EM59,Susannah,Waszczykowski,1611 Green Street,4/18/1997,F,VP Sales
EM20,Warner,Strelitz,828 Ridgeview Crossing,3/17/1993,M,Project Manager
EM91,Shae,Suston,80475 Oneill Way,1/26/1972,F,Product Engineer
EM38,Thoma,Skentelbury,6855 Forest Run Center,10/04/1980,M,Pharmacist
EM52,Merridie,Mityukov,35481 Donald Place,12/05/1972,F,Clinical Specialist
EM64,Pet,Iacovini,92 Mandrake Pass,8/22/1997,F,Assistant Manager
EM72,Lorenzo,Milham,9390 Westend Lane,11/14/1986,M,Sales Representative
EM23,Tonie,Helsdon,66 Rutledge Way,09/06/1968,F,Senior Financial Analyst
EM07,Hewett,Klugman,99 Cascade Street,11/13/1973,M,Recruiter
EM50,Saraann,Iori,15 Calypso Avenue,12/26/1972,F,Staff Accountant II
